{"cameraMode":{"drawMode":0,"name":"Shaded","section":"Shading Mode"},"sceneLighting":true,"audioPlay":false,"sceneViewState":{"showFog":true,"showMaterialUpdate":false,"showSkybox":true,"showFlares":true,"showImageEffects":true,"showParticleSystems":true,"showVisualEffectGraphs":true,"m_FxEnabled":true},"in2DMode":false,"pivot":{"x":0.5550111532211304,"y":0.27599674463272097,"z":-5.416762828826904},"rotation":{"x":-0.14526745676994325,"y":-0.01870107837021351,"z":0.0027464446611702444,"w":-0.9892134070396423},"size":3.001232624053955,"orthographic":false}