{"cameraMode":{"drawMode":0,"name":"Shaded","section":"Shading Mode"},"sceneLighting":true,"audioPlay":false,"sceneViewState":{"showFog":true,"showMaterialUpdate":false,"showSkybox":false,"showFlares":true,"showImageEffects":true,"showParticleSystems":true,"showVisualEffectGraphs":true,"m_FxEnabled":true},"in2DMode":false,"pivot":{"x":-0.030071258544921876,"y":0.03128623962402344,"z":0.026317596435546876},"rotation":{"x":-0.2625780999660492,"y":0.14464081823825837,"z":-0.03984520584344864,"w":-0.9531761407852173},"size":36.37306594848633,"orthographic":false}