{"cameraMode":{"drawMode":0,"name":"Shaded","section":"Shading Mode"},"sceneLighting":true,"audioPlay":false,"sceneViewState":{"showFog":true,"showMaterialUpdate":false,"showSkybox":true,"showFlares":true,"showImageEffects":true,"showParticleSystems":true,"showVisualEffectGraphs":true,"m_FxEnabled":true},"in2DMode":false,"pivot":{"x":-1.8028234243392945,"y":1.397220492362976,"z":-7.864920139312744},"rotation":{"x":0.07597712427377701,"y":0.060384541749954227,"z":0.004609680734574795,"w":-0.9952696561813355},"size":12.100001335144043,"orthographic":false}