{"cameraMode":{"drawMode":0,"name":"Shaded","section":"Shading Mode"},"sceneLighting":true,"audioPlay":false,"sceneViewState":{"showFog":true,"showMaterialUpdate":false,"showSkybox":true,"showFlares":true,"showImageEffects":true,"showParticleSystems":true,"showVisualEffectGraphs":true,"m_FxEnabled":true},"in2DMode":false,"pivot":{"x":0.5209617614746094,"y":1.968971610069275,"z":0.8853716850280762},"rotation":{"x":-0.03928081691265106,"y":0.000594323268160224,"z":0.000023092397896107286,"w":0.9992387294769287},"size":5.995378494262695,"orthographic":false}